Year,Pick,Team,Player,College,Games,Minutes,Points,Rebounds,Assists,FG%,3P%,FT%,Win Shares,WS/48,BPM,VORP,MPG,PPG,RPG,APG,Pick Range,Career Tier,Bust?,Pick Efficiency,Value Above Expected
2005,1,MIL,Andrew Bogut,Utah,706,19862,6808,6112,1546,0.535,0.12,0.557,50.6,0.122,1.2,16,28.1,9.6,8.7,2.2,Top 5,Starter,No,50.60,7.02
2005,2,ATL,Marvin Williams,UNC,1072,30159,10965,5546,1373,0.443,0.361,0.808,65.1,0.104,-0.4,12.3,28.1,10.2,5.2,1.3,Top 5,Starter,No,32.55,25.31
2005,3,UTA,Deron Williams,Illinois,845,28865,13804,2619,6819,0.445,0.357,0.822,77.3,0.129,1.9,28.3,34.2,16.3,3.1,8.1,Top 5,Starter,No,25.77,26.53
2005,4,NOP,Chris Paul,Wake Forest,1148,39673,20844,5182,10894,0.473,0.37,0.872,198.2,0.24,7.3,93.2,34.6,18.2,4.5,9.5,Top 5,Star,No,49.55,149.64
2005,5,CHA,Raymond Felton,UNC,971,28829,10853,2867,5096,0.412,0.329,0.79,40.2,0.067,-0.6,10.1,29.7,11.2,3,5.2,Top 5,Starter,No,8.04,8.84
2005,6,POR,Martell Webster,,580,13914,5056,1811,588,0.418,0.382,0.791,24.7,0.085,-0.8,4.3,24,8.7,3.1,1,Lottery,Rotation,No,4.12,-2.96
2005,7,TOR,Charlie Villanueva,UConn,656,13578,6808,3019,549,0.435,0.341,0.772,22.6,0.08,-0.6,4.7,20.7,10.4,4.6,0.8,Lottery,Rotation,No,3.23,-11.38
2005,8,NYK,Channing Frye,Arizona,890,19772,7786,4002,864,0.44,0.388,0.822,38.9,0.094,-0.4,8,22.2,8.7,4.5,1,Lottery,Starter,No,4.86,17.74
2005,9,GSW,Ike Diogu,Arizona State,225,2795,1348,689,69,0.509,0.5,0.786,6.5,0.112,-3,-0.7,12.4,6,3.1,0.3,Lottery,Minimal,Yes,0.72,-30.89
2005,10,LAL,Andrew Bynum,,418,10690,4822,3221,490,0.556,0.111,0.69,37.4,0.168,1.4,9.1,25.6,11.5,7.7,1.2,Lottery,Starter,No,3.74,10.55
2005,11,ORL,Fran Vázquez,,,,,,,,,,,,,,,,,,Lottery,Minimal,Yes,0.00,-22.70
2005,12,LAC,Yaroslav Korolev,,34,168,39,16,13,0.283,0.25,0.625,-0.1,-0.024,-5.2,-0.1,4.9,1.1,0.5,0.4,Lottery,Minimal,Yes,-0.01,-21.42
2005,13,CHA,Sean May,UNC,119,1868,821,481,115,0.458,0.231,0.746,2.6,0.068,-1.7,0.2,15.7,6.9,4,1,Lottery,Minimal,Yes,0.20,-16.73
2005,14,MIN,Rashad McCants,UNC,249,5037,2479,506,331,0.431,0.368,0.741,3.6,0.035,-1.7,0.4,20.2,10,2,1.3,Lottery,Minimal,Yes,0.26,-11.15
2005,15,BRK,Antoine Wright,Texas A&M,297,5714,1614,681,295,0.412,0.304,0.674,3.1,0.026,-3.7,-2.4,19.2,5.4,2.3,1,Mid First,Minimal,No,0.21,-22.68
2005,16,TOR,Joey Graham,Oklahoma State,377,6117,2239,1058,207,0.483,0.3,0.815,7.8,0.061,-3.6,-2.4,16.2,5.9,2.8,0.5,Mid First,Minimal,No,0.49,-9.18
2005,17,IND,Danny Granger,New Mexico,586,18487,9855,2888,1097,0.434,0.38,0.848,48.5,0.126,1.8,17.7,31.5,16.8,4.9,1.9,Mid First,Starter,No,2.85,31.18
2005,18,BOS,Gerald Green,,658,13026,6412,1639,596,0.417,0.361,0.818,18.4,0.068,-1.3,2.4,19.8,9.7,2.5,0.9,Mid First,Rotation,No,1.02,1.09
2005,19,MEM,Hakim Warrick,Syracuse,526,10624,4947,2117,400,0.49,0.191,0.726,20.4,0.092,-1.9,0.4,20.2,9.4,4,0.8,Mid First,Rotation,No,1.07,2.83
2005,20,DEN,Julius Hodge,NC State,23,98,28,15,18,0.44,,0.5,0,0.003,-3.7,0,4.3,1.2,0.7,0.8,Mid First,Minimal,No,0.00,-10.39
2005,21,PHO,Nate Robinson,Washington,618,13878,6807,1446,1826,0.423,0.36,0.796,27.8,0.096,0.5,8.6,22.5,11,2.3,3,Late First,Rotation,No,1.32,7.30
2005,22,DEN,Jarrett Jack,Georgia Tech,867,24140,9349,2487,3952,0.44,0.343,0.855,36.8,0.073,-0.9,6.5,27.8,10.8,2.9,4.6,Late First,Starter,No,1.67,18.32
2005,23,SAC,Francisco García,Louisville,549,11853,4323,1400,747,0.427,0.357,0.799,18.2,0.074,-0.1,5.7,21.6,7.9,2.6,1.4,Late First,Rotation,No,0.79,1.56
2005,24,HOU,Luther Head,Illinois,348,7797,2842,845,747,0.423,0.388,0.773,14.7,0.09,0.1,4.2,22.4,8.2,2.4,2.1,Late First,Rotation,No,0.61,-9.80
2005,25,OKC,Johan Petro,,473,7262,2202,1836,227,0.462,0.154,0.678,5.5,0.037,-4.6,-4.6,15.4,4.7,3.9,0.5,Late First,Minimal,No,0.22,-7.40
2005,26,DET,Jason Maxiell,Cincinnati,618,11379,3481,2576,266,0.495,0,0.564,20.3,0.086,-2.5,-1.4,18.4,5.6,4.2,0.4,Late First,Rotation,No,0.78,-0.10
2005,27,POR,Linas Kleiza,Missouri,409,8185,3561,1470,321,0.435,0.335,0.763,13.6,0.08,-2.3,-0.7,20,8.7,3.6,0.8,Late First,Rotation,No,0.50,-7.51
2005,28,SAS,Ian Mahinmi,,618,10353,3209,2705,357,0.533,0.16,0.612,26.1,0.121,-2,0.1,16.8,5.2,4.4,0.6,Late First,Rotation,No,0.93,17.45
2005,29,MIA,Wayne Simien,Kansas,51,507,169,99,11,0.469,,0.854,0.9,0.083,-4.4,-0.3,9.9,3.3,1.9,0.2,Late First,Minimal,No,0.03,-4.17
2005,30,NYK,David Lee,Florida,829,24293,11232,7320,1825,0.535,0.034,0.772,76,0.15,1.1,19.2,29.3,13.5,8.8,2.2,Late First,Starter,No,2.53,55.28
2006,1,TOR,Andrea Bargnani,,550,15806,7873,2541,653,0.439,0.354,0.824,18.9,0.057,-1.6,1.5,28.7,14.3,4.6,1.2,Top 5,Rotation,No,18.90,-24.68
2006,2,CHI,LaMarcus Aldridge,Texas,1068,36086,20488,8702,2067,0.493,0.32,0.812,115.3,0.153,1.7,33.3,33.8,19.2,8.1,1.9,Top 5,Star,No,57.65,75.51
2006,3,CHA,Adam Morrison,Gonzaga,161,3278,1200,342,222,0.373,0.331,0.71,-1.4,-0.021,-5,-2.4,20.4,7.5,2.1,1.4,Top 5,Minimal,Yes,-0.47,-52.17
2006,4,POR,Tyrus Thomas,LSU,402,7932,3093,1938,347,0.438,0.235,0.732,13,0.078,-1.2,1.7,19.7,7.7,4.8,0.9,Top 5,Rotation,No,3.25,-35.56
2006,5,ATL,Shelden Williams,Duke,361,5586,1618,1562,163,0.462,0.222,0.74,9.9,0.085,-3,-1.5,15.5,4.5,4.3,0.5,Top 5,Minimal,Yes,1.98,-21.46
2006,6,MIN,Brandon Roy,Washington,326,11561,6136,1388,1517,0.459,0.348,0.8,37.4,0.155,3.6,16.3,35.5,18.8,4.3,4.7,Lottery,Starter,No,6.23,9.74
2006,7,BOS,Randy Foye,Villanova,752,19279,7729,1686,2112,0.401,0.366,0.852,23.5,0.058,-1.2,3.8,25.6,10.3,2.2,2.8,Lottery,Rotation,No,3.36,-10.48
2006,8,HOU,Rudy Gay,UConn,1044,33406,17215,6040,2206,0.453,0.349,0.799,60.3,0.087,0.7,22.9,32,16.5,5.8,2.1,Lottery,Starter,No,7.54,39.14
2006,9,GSW,Patrick O'Bryant,Bradley,90,524,186,127,25,0.494,0,0.583,0.5,0.046,-4.6,-0.3,5.8,2.1,1.4,0.3,Lottery,Minimal,Yes,0.06,-36.89
2006,10,OKC,Mouhamed Sene,,47,260,103,75,1,0.427,,0.589,0.3,0.052,-5.1,-0.2,5.5,2.2,1.6,0,Lottery,Minimal,Yes,0.03,-26.55
2006,11,ORL,J.J. Redick,Duke,940,23964,12028,1903,1862,0.447,0.415,0.892,63.7,0.128,0.6,16,25.5,12.8,2,2,Lottery,Starter,No,5.79,41.00
2006,12,CHA,Hilton Armstrong,UConn,292,3378,880,766,102,0.501,0.286,0.582,3.9,0.055,-4.1,-1.8,11.6,3,2.6,0.3,Lottery,Minimal,Yes,0.33,-17.42
2006,13,PHI,Thabo Sefolosha,,869,19062,4994,3252,1196,0.449,0.349,0.732,39.3,0.099,0.6,12.4,21.9,5.7,3.7,1.4,Lottery,Starter,No,3.02,19.97
2006,14,UTA,Ronnie Brewer,Arkansas,502,11539,3940,1427,828,0.49,0.254,0.675,30.4,0.127,1.6,10.6,23,7.8,2.8,1.6,Lottery,Starter,No,2.17,15.65
2006,15,CHA,Cedric Simmons,NC State,75,705,163,141,14,0.409,,0.39,0.1,0.005,-5,-0.5,9.4,2.2,1.9,0.2,Mid First,Minimal,No,0.01,-25.68
2006,16,CHI,Rodney Carney,Memphis,299,4600,1778,588,132,0.422,0.338,0.704,6.2,0.064,-1.6,0.5,15.4,5.9,2,0.4,Mid First,Minimal,No,0.39,-10.78
2006,17,IND,Shawne Williams,Memphis,314,5368,1769,945,220,0.403,0.339,0.755,6.7,0.06,-2.2,-0.3,17.1,5.6,3,0.7,Mid First,Minimal,No,0.39,-10.62
2006,18,WAS,Oleksiy Pecherov,,111,1044,438,266,20,0.386,0.29,0.793,0.5,0.025,-4.8,-0.7,9.4,3.9,2.4,0.2,Mid First,Minimal,No,0.03,-16.81
2006,19,SAC,Quincy Douby,Rutgers University,143,1535,588,152,93,0.389,0.312,0.884,0,0,-3.5,-0.6,10.7,4.1,1.1,0.7,Mid First,Minimal,No,0.00,-17.58
2006,20,NYK,Renaldo Balkman,South Carolina,221,3064,894,769,132,0.51,0.172,0.542,7.2,0.113,0.1,1.6,13.9,4,3.5,0.6,Mid First,Minimal,No,0.36,-3.19
2006,21,PHO,Rajon Rondo,Kentucky,949,28440,9299,4335,7542,0.456,0.323,0.612,61.5,0.104,1.2,23.2,30,9.8,4.6,7.9,Late First,Starter,No,2.93,41.00
2006,22,BRK,Marcus Williams,UConn,203,3095,1128,361,574,0.386,0.321,0.767,0,-0.001,-3.3,-1,15.2,5.6,1.8,2.8,Late First,Minimal,No,0.00,-18.48
2006,23,BRK,Josh Boone,UConn,256,4482,1340,1258,125,0.544,,0.445,9.1,0.097,-2,0,17.5,5.2,4.9,0.5,Late First,Minimal,No,0.40,-7.54
2006,24,MEM,Kyle Lowry,Villanova,1006,32057,14882,4403,6359,0.424,0.367,0.813,102.5,0.154,3.1,41.1,31.9,14.8,4.4,6.3,Late First,Star,No,4.27,78.00
2006,25,CLE,Shannon Brown,Michigan State,408,7329,3118,760,458,0.42,0.332,0.807,9.2,0.06,-1.5,1,18,7.6,1.9,1.1,Late First,Minimal,No,0.37,-3.70
2006,26,LAL,Jordan Farmar,UCLA,504,9840,3888,958,1453,0.423,0.374,0.739,13.9,0.068,-0.5,3.7,19.5,7.7,1.9,2.9,Late First,Rotation,No,0.53,-6.50
2006,27,PHO,Sergio Rodríguez,,353,5281,1747,525,1183,0.409,0.337,0.739,4.3,0.039,-2,0.1,15,4.9,1.5,3.4,Late First,Minimal,No,0.16,-16.81
2006,28,DAL,Maurice Ager,Michigan State,82,505,169,46,19,0.339,0.25,0.566,-0.9,-0.089,-9.4,-0.9,6.2,2.1,0.6,0.2,Late First,Minimal,No,-0.03,-9.55
2006,29,NYK,Mardy Collins,Temple,189,2771,742,336,327,0.38,0.299,0.599,-1.6,-0.027,-4.4,-1.7,14.7,3.9,1.8,1.7,Late First,Minimal,No,-0.06,-6.67
2006,30,POR,Joel Freeland,,151,1821,477,518,65,0.459,0,0.728,3.2,0.084,-3.3,-0.6,12.1,3.2,3.4,0.4,Late First,Minimal,No,0.11,-17.52
2007,1,POR,Greg Oden,Ohio State,105,2028,840,656,51,0.574,,0.658,7.3,0.174,-0.4,0.8,19.3,8,6.2,0.5,Top 5,Minimal,Yes,7.30,-36.28
2007,2,OKC,Kevin Durant,Texas,920,33775,24936,6506,3888,0.495,0.383,0.883,152.3,0.216,6.8,74.8,36.7,27.1,7.1,4.2,Top 5,Star,No,76.15,112.51
2007,3,ATL,Al Horford,Florida,932,30034,12802,7625,3085,0.514,0.357,0.758,97.9,0.156,2.8,36.8,32.2,13.7,8.2,3.3,Top 5,Star,No,32.63,47.13
2007,4,MEM,Mike Conley,Ohio State,938,30031,13954,2815,5298,0.439,0.381,0.821,85.3,0.136,2.5,34.1,32,14.9,3,5.6,Top 5,Star,No,21.33,36.74
2007,5,BOS,Jeff Green,Georgetown,1030,29939,13084,4441,1596,0.447,0.34,0.805,49.2,0.079,-1.3,4.9,29.1,12.7,4.3,1.5,Top 5,Starter,No,9.84,17.84
2007,6,MIL,Yi Jianlian,,272,6038,2148,1339,192,0.404,0.333,0.78,3.1,0.025,-4.3,-3.5,22.2,7.9,4.9,0.7,Lottery,Minimal,Yes,0.52,-24.56
2007,7,MIN,Corey Brewer,Florida,819,18771,7097,2287,1250,0.425,0.284,0.713,22.5,0.058,-1.6,2,22.9,8.7,2.8,1.5,Lottery,Rotation,No,3.21,-11.48
2007,8,CHA,Brandan Wright,UNC,428,6949,2976,1560,199,0.607,0,0.674,26.2,0.181,2.3,7.5,16.2,7,3.6,0.5,Lottery,Rotation,No,3.28,5.04
2007,9,CHI,Joakim Noah,Florida,672,18646,5881,6058,1907,0.491,0,0.7,61.9,0.159,2.5,20.9,27.7,8.8,9,2.8,Lottery,Starter,No,6.88,24.51
2007,10,SAC,Spencer Hawes,Washington,684,15541,5932,3893,1271,0.457,0.35,0.716,22.6,0.07,-1.1,3.4,22.7,8.7,5.7,1.9,Lottery,Rotation,No,2.26,-4.25
2007,11,ATL,Acie Law,Texas A&M,188,2385,725,195,309,0.413,0.235,0.778,1.6,0.032,-3.9,-1.1,12.7,3.9,1,1.6,Lottery,Minimal,Yes,0.15,-21.10
2007,12,PHI,Thaddeus Young,Georgia Tech,1061,31336,13698,6239,1960,0.502,0.33,0.665,67.7,0.104,0.5,19.5,29.5,12.9,5.9,1.8,Lottery,Starter,No,5.64,46.38
2007,13,CHA,Julian Wright,Kansas,231,3049,907,531,182,0.499,0.262,0.584,3.9,0.061,-0.5,1.2,13.2,3.9,2.3,0.8,Lottery,Minimal,Yes,0.30,-15.43
2007,14,LAC,Al Thornton,Florida State,296,8274,3527,1233,353,0.452,0.293,0.747,6.1,0.035,-3.5,-3.2,28,11.9,4.2,1.2,Lottery,Minimal,Yes,0.44,-8.65
2007,15,DET,Rodney Stuckey,Eastern Washington,651,17890,8185,1912,2333,0.423,0.3,0.824,28.7,0.077,-0.9,4.9,27.5,12.6,2.9,3.6,Mid First,Rotation,No,1.91,2.92
2007,16,WAS,Nick Young,USC,720,16419,8194,1427,687,0.418,0.376,0.836,18.6,0.054,-2.2,-0.8,22.8,11.4,2,1,Mid First,Rotation,No,1.16,1.62
2007,17,BRK,Sean Williams,Boston College,137,1978,581,472,47,0.511,0,0.624,3,0.073,-3.1,-0.6,14.4,4.2,3.4,0.3,Mid First,Minimal,No,0.18,-14.32
2007,18,GSW,Marco Belinelli,,860,19548,8370,1769,1429,0.424,0.376,0.846,30.5,0.075,-1.3,3.3,22.7,9.7,2.1,1.7,Mid First,Starter,No,1.69,13.19
2007,19,LAL,Javaris Crittenton,Georgia Tech,113,1853,595,276,201,0.442,0.231,0.638,0.1,0.002,-4.2,-1,16.4,5.3,2.4,1.8,Mid First,Minimal,No,0.01,-17.48
2007,20,MIA,Jason Smith,Colorado State,616,10029,3777,2075,453,0.468,0.333,0.783,14.1,0.067,-2.9,-2.4,16.3,6.1,3.4,0.7,Mid First,Rotation,No,0.71,3.71
2007,21,PHI,Daequan Cook,Ohio State,328,5993,2114,703,243,0.369,0.359,0.813,4.9,0.039,-2.7,-1.1,18.3,6.4,2.1,0.7,Late First,Minimal,No,0.23,-15.60
2007,22,CHA,Jared Dudley,Boston College,904,20117,6633,2849,1394,0.463,0.393,0.732,43,0.103,0.2,11,22.3,7.3,3.2,1.5,Late First,Starter,No,1.95,24.52
2007,23,NYK,Wilson Chandler,DePaul,676,20287,8463,3574,1205,0.443,0.341,0.77,29,0.069,-1.3,3.5,30,12.5,5.3,1.8,Late First,Rotation,No,1.26,12.36
2007,24,PHO,Rudy Fernández,,249,5965,2254,608,554,0.399,0.36,0.84,14.2,0.114,1.7,5.6,24,9.1,2.4,2.2,Late First,Rotation,No,0.59,-10.30
2007,25,UTA,Morris Almond,Rice University,38,361,119,46,12,0.381,0.292,0.743,0,0.005,-6.1,-0.4,9.5,3.1,1.2,0.3,Late First,Minimal,No,0.00,-12.90
2007,26,HOU,Aaron Brooks,Oregon,645,13439,6259,1079,1925,0.413,0.37,0.837,19.2,0.069,-1.2,2.7,20.8,9.7,1.7,3,Late First,Rotation,No,0.74,-1.20
2007,27,DET,Arron Afflalo,UCLA,762,20829,8198,2176,1386,0.45,0.386,0.825,33.5,0.077,-1.5,2.4,27.3,10.8,2.9,1.8,Late First,Starter,No,1.24,12.39
2007,28,SAS,Tiago Splitter,,355,6812,2816,1779,423,0.555,0.143,0.697,25.3,0.178,1.1,5.4,19.2,7.9,5,1.2,Late First,Rotation,No,0.90,16.65
2007,29,PHO,Alando Tucker,Wisconsin,51,426,211,49,16,0.423,0.294,0.783,0.4,0.045,-4.5,-0.3,8.4,4.1,1,0.3,Late First,Minimal,No,0.01,-4.67
2007,30,PHI,Petteri Koponen,,,,,,,,,,,,,,,,,,Late First,Minimal,No,0.00,-20.72
2008,1,CHI,Derrick Rose,Memphis,672,21317,12230,2239,3646,0.457,0.316,0.83,44.2,0.1,1.4,18.4,31.7,18.2,3.3,5.4,Top 5,Starter,No,44.20,0.62
2008,2,MIA,Michael Beasley,Kansas State,609,13903,7568,2861,788,0.465,0.349,0.759,15.6,0.054,-1.7,0.9,22.8,12.4,4.7,1.3,Top 5,Rotation,No,7.80,-24.19
2008,3,MIN,O.J. Mayo,USC,547,16919,7574,1706,1607,0.429,0.373,0.82,21.8,0.062,-0.9,4.7,30.9,13.8,3.1,2.9,Top 5,Rotation,No,7.27,-28.97
2008,4,OKC,Russell Westbrook,UCLA,1000,34718,22899,7405,8491,0.437,0.305,0.785,106.4,0.147,4.4,55.8,34.7,22.9,7.4,8.5,Top 5,Star,No,26.60,57.84
2008,5,MEM,Kevin Love,UCLA,788,24542,14013,8497,1867,0.441,0.372,0.829,87.5,0.171,3.4,33.5,31.1,17.8,10.8,2.4,Top 5,Star,No,17.50,56.14
2008,6,NYK,Danilo Gallinari,,709,21209,11053,3408,1377,0.427,0.383,0.877,62.9,0.142,1.8,20.5,29.9,15.6,4.8,1.9,Lottery,Starter,No,10.48,35.24
2008,7,LAC,Eric Gordon,Indiana,739,23982,12169,1793,2107,0.428,0.37,0.81,36.3,0.073,-0.5,8.9,32.5,16.5,2.4,2.9,Lottery,Starter,No,5.19,2.32
2008,8,MIL,Joe Alexander,West Virginia,67,745,282,120,44,0.41,0.34,0.698,0.5,0.03,-3.6,-0.3,11.1,4.2,1.8,0.7,Lottery,Minimal,Yes,0.06,-20.66
2008,9,CHA,D.J. Augustin,Texas,955,22478,9147,1778,3728,0.411,0.38,0.867,47,0.1,-0.7,7.6,23.5,9.6,1.9,3.9,Lottery,Starter,No,5.22,9.61
2008,10,BRK,Brook Lopez,Stanford,856,25922,14094,5359,1240,0.494,0.34,0.796,70.9,0.131,1.3,21.6,30.3,16.5,6.3,1.4,Lottery,Starter,No,7.09,44.05
2008,11,IND,Jerryd Bayless,Arizona,586,12486,4909,1235,1674,0.411,0.361,0.818,18.6,0.072,-1.6,1.1,21.3,8.4,2.1,2.9,Lottery,Rotation,No,1.69,-4.10
2008,12,SAC,Jason Thompson,Rider University,588,14819,5210,3880,635,0.496,0.143,0.657,23.8,0.077,-2.6,-2.4,25.2,8.9,6.6,1.1,Lottery,Rotation,No,1.98,2.48
2008,13,POR,Brandon Rush,Kansas,481,10564,3250,1413,468,0.426,0.402,0.706,11.2,0.051,-1.4,1.6,22,6.8,2.9,1,Lottery,Rotation,No,0.86,-8.13
2008,14,GSW,Anthony Randolph,LSU,252,3841,1789,1078,187,0.453,0.241,0.74,5.8,0.072,-1.6,0.4,15.2,7.1,4.3,0.7,Lottery,Minimal,Yes,0.41,-8.95
2008,15,PHO,Robin Lopez,Stanford,930,20427,8151,4575,786,0.537,0.296,0.743,48.9,0.115,-1,4.9,22,8.8,4.9,0.8,Mid First,Starter,No,3.26,23.12
2008,16,PHI,Marreese Speights,Florida,705,10640,5592,2875,461,0.459,0.356,0.797,25.8,0.116,-2.2,-0.6,15.1,7.9,4.1,0.7,Mid First,Rotation,No,1.61,8.82
2008,17,TOR,Roy Hibbert,Georgetown,662,16389,6611,4173,885,0.465,0.25,0.755,35.9,0.105,-1.1,3.5,24.8,10,6.3,1.3,Mid First,Starter,No,2.11,18.58
2008,18,WAS,JaVale McGee,Nevada,799,13649,6373,4209,349,0.577,0.19,0.601,41.5,0.146,0.2,7.5,17.1,8,5.3,0.4,Mid First,Starter,No,2.31,24.19
2008,19,CLE,J.J. Hickson,NC State,534,11925,5081,3639,449,0.505,0,0.617,21.9,0.088,-1.8,0.5,22.3,9.5,6.8,0.8,Mid First,Rotation,No,1.15,4.33
2008,20,CHA,Alexis Ajinça,,293,3905,1553,1150,143,0.503,0.286,0.797,7.5,0.093,-2.8,-0.8,13.3,5.3,3.9,0.5,Mid First,Minimal,No,0.38,-2.89
2008,21,BRK,Ryan Anderson,California,649,16769,8001,3413,586,0.422,0.38,0.854,46.7,0.134,1,12.8,25.8,12.3,5.3,0.9,Late First,Starter,No,2.22,26.20
2008,22,ORL,Courtney Lee,Western Kentucky,811,21938,7765,2127,1353,0.451,0.388,0.853,39.3,0.086,-0.6,7.9,27.1,9.6,2.6,1.7,Late First,Starter,No,1.79,20.82
2008,23,UTA,Kosta Koufos,Ohio State,686,11271,3913,3452,359,0.534,0,0.582,28.3,0.12,-1.3,2,16.4,5.7,5,0.5,Late First,Rotation,No,1.23,11.66
2008,24,OKC,Serge Ibaka,,887,24681,10849,6387,735,0.513,0.359,0.758,72,0.14,0.5,15.8,27.8,12.2,7.2,0.8,Late First,Starter,No,3.00,47.50
2008,25,HOU,Nicolas Batum,,896,27560,10011,4632,3176,0.438,0.363,0.838,62.6,0.109,1.7,25.8,30.8,11.2,5.2,3.5,Late First,Starter,No,2.50,49.70
2008,26,SAS,George Hill,IUPUI,856,23458,9268,2623,2678,0.457,0.381,0.807,69,0.141,1.3,19.3,27.4,10.8,3.1,3.1,Late First,Starter,No,2.65,48.60
2008,27,NOP,Darrell Arthur,Kansas,503,8945,3282,1768,409,0.444,0.352,0.765,12.3,0.066,-2.2,-0.4,17.8,6.5,3.5,0.8,Late First,Rotation,No,0.46,-8.81
2008,28,MEM,Donté Greene,Syracuse,253,4259,1541,600,183,0.406,0.304,0.701,1.5,0.017,-2.8,-0.9,16.8,6.1,2.4,0.7,Late First,Minimal,No,0.05,-7.15
2008,29,DET,D.J. White,Indiana,138,2111,810,437,80,0.507,0.333,0.72,3.8,0.087,-2.1,0,15.3,5.9,3.2,0.6,Late First,Minimal,No,0.13,-1.27
2008,30,BOS,J.R. Giddens,New Mexico,38,247,73,54,13,0.476,0,0.565,0.1,0.027,-4.3,-0.1,6.5,1.9,1.4,0.3,Late First,Minimal,No,0.00,-20.62
2009,1,LAC,Blake Griffin,Oklahoma,716,23730,14306,5935,2985,0.493,0.326,0.696,79.2,0.16,3.4,32.5,33.1,20,8.3,4.2,Top 5,Starter,No,79.20,35.62
2009,2,MEM,Hasheem Thabeet,UConn,224,2357,483,595,27,0.567,,0.578,4.8,0.099,-2.7,-0.4,10.5,2.2,2.7,0.1,Top 5,Minimal,Yes,2.40,-34.99
2009,3,OKC,James Harden,Arizona State,921,31825,23035,5145,6177,0.443,0.362,0.859,146.6,0.221,6.8,70.8,34.6,25,5.6,6.7,Top 5,Star,No,48.87,95.83
2009,4,SAC,Tyreke Evans,Memphis,594,18242,9347,2720,2852,0.44,0.323,0.757,28.4,0.075,0.8,13.1,30.7,15.7,4.6,4.8,Top 5,Rotation,No,7.10,-20.16
2009,5,MIN,Ricky Rubio,,665,20128,7399,2760,5045,0.389,0.326,0.843,42,0.1,0.6,13.5,30.3,11.1,4.2,7.6,Top 5,Starter,No,8.40,10.64
2009,6,MIN,Jonny Flynn,Syracuse,163,3738,1504,307,634,0.4,0.338,0.809,-1.1,-0.015,-4,-1.9,22.9,9.2,1.9,3.9,Lottery,Minimal,Yes,-0.18,-28.76
2009,7,GSW,Stephen Curry,Davidson,816,28031,19827,3789,5326,0.473,0.428,0.908,119.4,0.204,6.5,60.4,34.4,24.3,4.6,6.5,Lottery,Star,No,17.06,85.43
2009,8,NYK,Jordan Hill,Arizona,409,7692,3232,2389,322,0.497,0.136,0.699,16.4,0.102,-2,0,18.8,7.9,5.8,0.8,Lottery,Rotation,No,2.05,-4.76
2009,9,TOR,DeMar DeRozan,USC,936,32006,19298,4122,3638,0.465,0.285,0.836,82.7,0.124,0.7,22.2,34.2,20.6,4.4,3.9,Lottery,Star,No,9.19,45.31
2009,10,MIL,Brandon Jennings,,555,16844,7801,1659,3151,0.387,0.345,0.796,29.9,0.085,0.8,11.8,30.3,14.1,3,5.7,Lottery,Rotation,No,2.99,3.05
2009,11,BRK,Terrence Williams,Louisville,153,2922,1085,545,364,0.412,0.317,0.659,-0.2,-0.004,-2.8,-0.6,19.1,7.1,3.6,2.4,Lottery,Minimal,Yes,-0.02,-22.90
2009,12,CHA,Gerald Henderson,Duke,535,13854,5987,1716,1009,0.44,0.327,0.793,18.3,0.063,-1.8,0.6,25.9,11.2,3.2,1.9,Lottery,Rotation,No,1.53,-3.02
2009,13,IND,Tyler Hansbrough,UNC,428,7233,2881,1808,181,0.439,0.136,0.738,20.2,0.134,-2,0,16.9,6.7,4.2,0.4,Lottery,Rotation,No,1.55,0.87
2009,14,PHO,Earl Clark,Louisville,261,3630,1138,778,134,0.403,0.328,0.664,2.9,0.038,-2.8,-0.8,13.9,4.4,3,0.5,Lottery,Minimal,Yes,0.21,-11.85
2009,15,DET,Austin Daye,Gonzaga,293,4132,1522,764,212,0.402,0.351,0.778,4.5,0.053,-2,0,14.1,5.2,2.6,0.7,Mid First,Minimal,No,0.30,-21.28
2009,16,CHI,James Johnson,Wake Forest,728,14953,5677,2614,1538,0.475,0.302,0.68,27,0.087,0.5,9.4,20.5,7.8,3.6,2.1,Mid First,Rotation,No,1.69,10.02
2009,17,PHI,Jrue Holiday,UCLA,819,27163,13212,3276,5225,0.46,0.361,0.777,54.5,0.096,1.5,23.7,33.2,16.1,4,6.4,Mid First,Starter,No,3.21,37.18
2009,18,MIN,Ty Lawson,UNC,551,16088,6977,1506,3316,0.46,0.359,0.77,42.1,0.126,1.4,13.6,29.2,12.7,2.7,6,Mid First,Starter,No,2.34,24.79
2009,19,ATL,Jeff Teague,Wake Forest,826,22164,10061,1989,4585,0.444,0.36,0.844,52.4,0.113,0.6,14.3,26.8,12.2,2.4,5.6,Mid First,Starter,No,2.76,34.83
2009,20,UTA,Eric Maynor,VCU,267,3896,1141,348,760,0.392,0.35,0.721,3.3,0.041,-2.9,-0.8,14.6,4.3,1.3,2.8,Mid First,Minimal,No,0.17,-7.09
2009,21,NOP,Darren Collison,UCLA,711,20833,8861,1889,3545,0.471,0.394,0.853,49.9,0.115,0.5,13.4,29.3,12.5,2.7,5,Late First,Starter,No,2.38,29.40
2009,22,POR,Victor Claver,,80,1072,258,178,56,0.398,0.293,0.585,0.2,0.011,-3.6,-0.4,13.4,3.2,2.2,0.7,Late First,Minimal,No,0.01,-18.28
2009,23,SAC,Omri Casspi,,588,11959,4642,2355,662,0.454,0.368,0.678,19.6,0.078,-0.8,3.5,20.3,7.9,4,1.1,Late First,Rotation,No,0.85,2.96
2009,24,DAL,Byron Mullens,Ohio State,189,3446,1398,790,153,0.408,0.319,0.706,0.6,0.008,-4,-1.8,18.2,7.4,4.2,0.8,Late First,Minimal,No,0.03,-23.90
2009,25,OKC,Rodrigue Beaubois,,182,2896,1286,338,374,0.439,0.325,0.81,4.8,0.079,-0.1,1.4,15.9,7.1,1.9,2.1,Late First,Minimal,No,0.19,-8.10
2009,26,CHI,Taj Gibson,USC,883,21742,8012,5423,873,0.518,0.239,0.711,57.9,0.128,-0.7,7,24.6,9.1,6.1,1,Late First,Starter,No,2.23,37.50
2009,27,MEM,DeMarre Carroll,Missouri,578,13675,5150,2454,726,0.43,0.358,0.741,29.5,0.104,0,6.7,23.7,8.9,4.2,1.3,Late First,Rotation,No,1.09,8.39
2009,28,MIN,Wayne Ellington,UNC,762,15951,6118,1626,846,0.41,0.382,0.843,20.9,0.063,-1.5,2.1,20.9,8,2.1,1.1,Late First,Rotation,No,0.75,12.25
2009,29,LAL,Toney Douglas,Florida State,394,7511,3009,875,889,0.404,0.354,0.824,12.1,0.077,-0.8,2.2,19.1,7.6,2.2,2.3,Late First,Rotation,No,0.42,7.03
2009,30,CLE,Christian Eyenga,,51,1049,320,137,40,0.411,0.277,0.611,-0.4,-0.02,-4.2,-0.6,20.6,6.3,2.7,0.8,Late First,Minimal,No,-0.01,-21.12
2010,1,WAS,John Wall,Kentucky,613,21833,11702,2612,5557,0.431,0.323,0.779,44.1,0.097,2.4,24,35.6,19.1,4.3,9.1,Top 5,Starter,No,44.10,0.52
2010,2,PHI,Evan Turner,Ohio State,705,18938,6824,3278,2462,0.434,0.294,0.782,20.2,0.051,-1.9,0.5,26.9,9.7,4.6,3.5,Top 5,Rotation,No,10.10,-19.59
2010,3,BRK,Derrick Favors,Georgia Tech,789,19184,8348,5605,850,0.534,0.198,0.663,60.3,0.151,0.9,13.9,24.3,10.6,7.1,1.1,Top 5,Starter,No,20.10,9.53
2010,4,MIN,Wesley Johnson,Syracuse,609,13472,4235,1924,645,0.404,0.337,0.741,10.7,0.038,-1.6,1.2,22.1,7,3.2,1.1,Top 5,Rotation,No,2.68,-37.86
2010,5,SAC,DeMarcus Cousins,Kentucky,631,19183,12575,6542,1935,0.459,0.33,0.737,46,0.115,2.5,21.5,30.4,19.9,10.4,3.1,Top 5,Starter,No,9.20,14.64
2010,6,GSW,Ekpe Udoh,Baylor,384,5694,1353,1100,260,0.453,0,0.718,10.4,0.088,-1.4,0.8,14.8,3.5,2.9,0.7,Lottery,Rotation,No,1.73,-17.26
2010,7,DET,Greg Monroe,Georgetown,642,17626,8381,5281,1368,0.514,0.059,0.703,50.1,0.137,1.4,15.2,27.5,13.1,8.2,2.1,Lottery,Starter,No,7.16,16.13
2010,8,LAC,Al-Farouq Aminu,Wake Forest,711,17698,5350,4280,879,0.42,0.332,0.746,27.6,0.075,-0.6,6.5,24.9,7.5,6,1.2,Lottery,Rotation,No,3.45,6.44
2010,9,UTA,Gordon Hayward,Butler,733,22815,11449,3299,2572,0.453,0.371,0.826,60.2,0.127,2,22.8,31.1,15.6,4.5,3.5,Lottery,Starter,No,6.69,22.81
2010,10,IND,Paul George,Fresno State,732,24588,14916,4707,2607,0.436,0.381,0.849,76.1,0.149,4.1,37.6,33.6,20.4,6.4,3.6,Lottery,Starter,No,7.61,49.25
2010,11,NOP,Cole Aldrich,Kansas,339,3389,1050,1131,183,0.527,,0.738,9.6,0.135,0.1,1.8,10,3.1,3.3,0.5,Lottery,Minimal,Yes,0.87,-13.10
2010,12,MEM,Xavier Henry,Kansas,185,2905,1050,351,120,0.406,0.325,0.635,0.8,0.013,-4.4,-1.7,15.7,5.7,1.9,0.6,Lottery,Minimal,Yes,0.07,-20.52
2010,13,TOR,Ed Davis,UNC,710,13697,4284,4596,537,0.567,0,0.584,43.1,0.151,-0.2,6.2,19.3,6,6.5,0.8,Lottery,Starter,No,3.32,23.77
2010,14,HOU,Patrick Patterson,Kentucky,719,14923,4782,2799,736,0.447,0.369,0.755,31.9,0.102,0,7.4,20.8,6.7,3.9,1,Lottery,Starter,No,2.28,17.15
2010,15,MIL,Larry Sanders,VCU,238,4635,1520,1345,174,0.48,0,0.553,10.3,0.107,-1.1,1.1,19.5,6.4,5.7,0.7,Mid First,Rotation,No,0.69,-15.48
2010,16,MIN,Luke Babbitt,Nevada,381,5332,1818,846,224,0.408,0.402,0.747,7.2,0.065,-2.1,-0.1,14,4.8,2.2,0.6,Mid First,Minimal,No,0.45,-9.78
2010,17,CHI,Kevin Séraphin,,423,6430,2516,1462,246,0.489,0,0.715,5.9,0.044,-4.3,-3.6,15.2,5.9,3.5,0.6,Mid First,Minimal,No,0.35,-11.42
2010,18,OKC,Eric Bledsoe,Kentucky,756,21021,10348,2937,3545,0.452,0.336,0.784,46.2,0.105,1.6,18.9,27.8,13.7,3.9,4.7,Mid First,Starter,No,2.57,28.89
2010,19,BOS,Avery Bradley,Texas,647,17910,7210,1840,1099,0.434,0.364,0.782,17,0.046,-2.4,-1.7,27.7,11.1,2.8,1.7,Mid First,Rotation,No,0.89,-0.58
2010,20,SAS,James Anderson,Oklahoma State,247,4320,1422,560,291,0.411,0.321,0.755,3.3,0.037,-2.7,-0.8,17.5,5.8,2.3,1.2,Mid First,Minimal,No,0.17,-7.09
2010,21,OKC,Craig Brackins,Iowa State,17,121,30,19,9,0.265,0.214,0.5,-0.2,-0.089,-9.9,-0.2,7.1,1.8,1.1,0.5,Late First,Minimal,No,-0.01,-20.70
2010,22,POR,Elliot Williams,Memphis,109,1470,537,161,94,0.421,0.31,0.669,0.7,0.024,-4.9,-1.1,13.5,4.9,1.5,0.9,Late First,Minimal,No,0.03,-17.78
2010,23,MIN,Trevor Booker,Clemson,532,10872,3679,2932,566,0.515,0.305,0.636,26.2,0.116,-0.5,4.2,20.4,6.9,5.5,1.1,Late First,Rotation,No,1.14,9.56
2010,24,ATL,Damion James,Texas,39,623,150,131,26,0.415,0,0.667,0,-0.001,-3.7,-0.3,16,3.8,3.4,0.7,Late First,Minimal,No,0.00,-24.50
2010,25,MEM,Dominique Jones,South Florida,80,741,246,114,144,0.366,0.095,0.729,0.3,0.017,-2.4,-0.1,9.3,3.1,1.4,1.8,Late First,Minimal,No,0.01,-12.60
2010,26,OKC,Quincy Pondexter,Washington,355,5530,1609,640,263,0.423,0.356,0.746,9.7,0.084,-1.8,0.3,15.6,4.5,1.8,0.7,Late First,Minimal,No,0.37,-10.70
2010,27,BRK,Jordan Crawford,Xavier,281,6843,3432,703,883,0.411,0.317,0.826,6.3,0.044,-1.3,1.3,24.4,12.2,2.5,3.1,Late First,Minimal,No,0.23,-14.81
2010,28,MEM,Greivis Vásquez,Maryland,401,9520,3591,1021,1935,0.418,0.349,0.817,12.6,0.064,-1.2,1.8,23.7,9,2.5,4.8,Late First,Rotation,No,0.45,3.95
2010,29,ORL,Daniel Orton,Kentucky,51,542,143,126,24,0.485,0,0.597,1,0.093,-3.5,-0.2,10.6,2.8,2.5,0.5,Late First,Minimal,No,0.03,-4.07
2010,30,WAS,Lazar Hayward,Marquette,72,591,207,90,35,0.347,0.269,0.767,0.2,0.02,-4.2,-0.3,8.2,2.9,1.3,0.5,Late First,Minimal,No,0.01,-20.52
2011,1,CLE,Kyrie Irving,Duke,596,20220,13631,2279,3411,0.469,0.391,0.882,69.8,0.166,4.5,33.2,33.9,22.9,3.8,5.7,Top 5,Starter,No,69.80,26.22
2011,2,MIN,Derrick Williams,Arizona,428,8864,3809,1693,293,0.434,0.3,0.71,14.1,0.076,-1.6,0.8,20.7,8.9,4,0.7,Top 5,Rotation,No,7.05,-25.69
2011,3,UTA,Enes Freedom,,748,16101,8349,5822,638,0.548,0.289,0.777,52.8,0.157,-0.1,7.6,21.5,11.2,7.8,0.9,Top 5,Starter,No,17.60,2.03
2011,4,CLE,Tristan Thompson,Texas,707,19180,6462,6011,711,0.518,0.278,0.606,46.6,0.117,-1.7,1.4,27.1,9.1,8.5,1,Top 5,Starter,No,11.65,-1.96
2011,5,TOR,Jonas Valan?i?nas,,674,17559,8958,6338,771,0.563,0.366,0.784,65.4,0.179,1.1,13.7,26.1,13.3,9.4,1.1,Top 5,Starter,No,13.08,34.04
2011,6,WAS,Jan Veselý,,162,2455,590,562,96,0.521,0,0.408,4,0.078,-2.6,-0.4,15.2,3.6,3.5,0.6,Lottery,Minimal,Yes,0.67,-23.66
2011,7,SAC,Bismack Biyombo,,719,14521,3749,4423,433,0.53,0,0.565,29,0.096,-2.6,-2.1,20.2,5.2,6.2,0.6,Lottery,Rotation,No,4.14,-4.98
2011,8,DET,Brandon Knight,Kentucky,449,13191,6299,1384,1777,0.411,0.353,0.807,11.7,0.043,-1.6,1.5,29.4,14,3.1,4,Lottery,Rotation,No,1.46,-9.46
2011,9,CHA,Kemba Walker,UConn,741,24666,14414,2815,3919,0.418,0.36,0.84,59.5,0.116,2.8,29.7,33.3,19.5,3.8,5.3,Lottery,Starter,No,6.61,22.11
2011,10,MIL,Jimmer Fredette,BYU,241,3213,1438,243,331,0.409,0.372,0.879,2.2,0.033,-2.5,-0.4,13.3,6,1,1.4,Lottery,Minimal,Yes,0.22,-24.65
2011,11,GSW,Klay Thompson,Washington State,631,20744,12268,2190,1465,0.458,0.418,0.849,47.8,0.11,0.8,14.6,32.9,19.4,3.5,2.3,Lottery,Starter,No,4.35,25.10
2011,12,UTA,Alec Burks,Colorado,602,13605,6339,2068,1179,0.418,0.375,0.799,23.9,0.084,-0.7,4.6,22.6,10.5,3.4,2,Lottery,Rotation,No,1.99,2.58
2011,13,PHO,Markieff Morris,Kansas,708,17613,7770,3697,1144,0.446,0.341,0.777,27,0.073,-1.4,2.8,24.9,11,5.2,1.6,Lottery,Rotation,No,2.08,7.67
2011,14,HOU,Marcus Morris,Kansas,700,18965,8674,3232,1050,0.436,0.379,0.768,35.9,0.091,-0.5,7.2,27.1,12.4,4.6,1.5,Lottery,Starter,No,2.56,21.15
2011,15,IND,Kawhi Leonard,San Diego State,576,18025,11085,3689,1672,0.493,0.384,0.858,83.3,0.222,6.9,40.4,31.3,19.2,6.4,2.9,Mid First,Star,No,5.55,57.52
2011,16,PHI,Nikola Vu?evi?,USC,720,22214,12210,7536,1990,0.494,0.351,0.756,58.5,0.126,2.3,24.2,30.9,17,10.5,2.8,Mid First,Starter,No,3.66,41.52
2011,17,NYK,Iman Shumpert,Georgia Tech,461,11470,3320,1534,845,0.391,0.337,0.764,12.9,0.054,-1.7,0.9,24.9,7.2,3.3,1.8,Mid First,Rotation,No,0.76,-4.42
2011,18,WAS,Chris Singleton,Florida State,148,2605,612,472,92,0.376,0.319,0.633,2.3,0.042,-3.2,-0.8,17.6,4.1,3.2,0.6,Mid First,Minimal,No,0.13,-15.01
2011,19,CHA,Tobias Harris,Tennessee,729,22807,11970,4523,1655,0.476,0.366,0.829,56.9,0.12,1.1,18,31.3,16.4,6.2,2.3,Mid First,Starter,No,2.99,39.33
2011,20,MIN,Donatas Motiej?nas,,251,4566,1832,952,269,0.469,0.3,0.597,7.1,0.075,-2.5,-0.5,18.2,7.3,3.8,1.1,Mid First,Minimal,No,0.36,-3.29
2011,21,POR,Nolan Smith,Duke,84,829,277,83,97,0.371,0.26,0.714,-0.8,-0.047,-6,-0.8,9.9,3.3,1,1.2,Late First,Minimal,No,-0.04,-21.30
2011,22,DEN,Kenneth Faried,Morehead State University,478,11728,5430,3884,470,0.546,0.222,0.654,38.8,0.159,0.5,7.5,24.5,11.4,8.1,1,Late First,Starter,No,1.76,20.32
2011,23,HOU,Nikola Miroti?,,319,7718,3910,1894,407,0.423,0.359,0.808,20.8,0.129,1.6,7.1,24.2,12.3,5.9,1.3,Late First,Rotation,No,0.90,4.16
2011,24,OKC,Reggie Jackson,Boston College,685,17423,8864,2047,2920,0.425,0.345,0.854,33.7,0.093,0.2,9.4,25.4,12.9,3,4.3,Late First,Starter,No,1.40,9.20
2011,25,BOS,MarShon Brooks,Providence,200,3456,1592,424,282,0.447,0.345,0.751,3.3,0.046,-1.6,0.4,17.3,8,2.1,1.4,Late First,Minimal,No,0.13,-9.60
2011,26,DAL,Jordan Hamilton,Texas,151,2100,890,429,127,0.408,0.357,0.67,3,0.069,-0.1,1,13.9,5.9,2.8,0.8,Late First,Minimal,No,0.12,-17.40
2011,27,BRK,JaJuan Johnson,Purdue,36,298,114,58,6,0.446,,0.667,0.2,0.032,-3.9,-0.1,8.3,3.2,1.6,0.2,Late First,Minimal,No,0.01,-20.91
2011,28,CHI,Norris Cole,Cleveland State University,360,8018,2506,702,981,0.407,0.324,0.743,3,0.018,-4.1,-4.1,22.3,7,2,2.7,Late First,Minimal,No,0.11,-5.65
2011,29,SAS,Cory Joseph,Texas,710,15708,5020,1828,2133,0.444,0.343,0.781,27.9,0.085,-1,3.8,22.1,7.1,2.6,3,Late First,Rotation,No,0.96,22.83
2011,30,CHI,Jimmy Butler,Marquette,673,22306,11873,3579,2764,0.459,0.321,0.842,91.5,0.197,4.7,37.6,33.1,17.6,5.3,4.1,Late First,Star,No,3.05,70.78
2012,1,NOP,Anthony Davis,Kentucky,601,20698,14318,6129,1399,0.515,0.303,0.794,91.5,0.212,6,42,34.4,23.8,10.2,2.3,Top 5,Star,No,91.50,47.92
2012,2,CHA,Michael Kidd-Gilchrist,Kentucky,446,10978,3750,2420,515,0.474,0.272,0.715,21,0.092,-1.8,0.6,24.6,8.4,5.4,1.2,Top 5,Rotation,No,10.50,-18.79
2012,3,WAS,Bradley Beal,Florida,645,22418,14231,2641,2701,0.456,0.372,0.821,49.2,0.105,1.7,21,34.8,22.1,4.1,4.2,Top 5,Starter,No,16.40,-1.57
2012,4,CLE,Dion Waiters,Syracuse,419,11835,5505,1108,1163,0.412,0.346,0.694,8.8,0.036,-2.1,-0.4,28.2,13.1,2.6,2.8,Top 5,Minimal,Yes,2.20,-39.76
2012,5,SAC,Thomas Robinson,Kansas,313,4204,1528,1507,190,0.47,0,0.505,4.6,0.053,-3.5,-1.6,13.4,4.9,4.8,0.6,Top 5,Minimal,Yes,0.92,-26.76
2012,6,POR,Damian Lillard,Weber State,711,25835,17510,2976,4726,0.437,0.373,0.893,94.5,0.176,4.7,43.8,36.3,24.6,4.2,6.6,Lottery,Star,No,15.75,66.84
2012,7,GSW,Harrison Barnes,UNC,725,23028,10235,3720,1326,0.453,0.38,0.804,43.6,0.091,-0.8,7,31.8,14.1,5.1,1.8,Lottery,Starter,No,6.23,9.62
2012,8,TOR,Terrence Ross,Washington,658,16412,7436,1875,826,0.418,0.364,0.839,23.5,0.069,-0.9,4.7,24.9,11.3,2.8,1.3,Lottery,Rotation,No,2.94,2.34
2012,9,DET,Andre Drummond,UConn,697,20799,9684,9309,976,0.538,0.133,0.471,65.7,0.152,1.3,17.3,29.8,13.9,13.4,1.4,Lottery,Starter,No,7.30,28.31
2012,10,NOP,Austin Rivers,Duke,632,15285,5604,1319,1398,0.418,0.35,0.647,13.3,0.042,-3,-3.9,24.2,8.9,2.1,2.2,Lottery,Rotation,No,1.33,-13.55
2012,11,POR,Meyers Leonard,Illinois,447,7158,2502,1737,395,0.482,0.39,0.809,15.5,0.104,-1.4,1.1,16,5.6,3.9,0.9,Lottery,Rotation,No,1.41,-7.20
2012,12,HOU,Jeremy Lamb,UConn,557,11605,5685,2019,879,0.44,0.344,0.857,26.7,0.11,0.7,7.9,20.8,10.2,3.6,1.6,Lottery,Rotation,No,2.23,5.38
2012,13,PHO,Kendall Marshall,UNC,160,3083,802,253,779,0.399,0.37,0.611,1,0.015,-3.5,-1.1,19.3,5,1.6,4.9,Lottery,Minimal,Yes,0.08,-18.33
2012,14,MIL,John Henson,UNC,445,8752,3383,2368,496,0.54,0.25,0.568,20.7,0.113,-0.5,3.4,19.7,7.6,5.3,1.1,Lottery,Rotation,No,1.48,5.95
2012,15,PHI,Maurice Harkless,St. John's,615,13971,4250,2191,571,0.474,0.32,0.624,22.9,0.079,-0.8,4.1,22.7,6.9,3.6,0.9,Mid First,Rotation,No,1.53,-2.88
2012,16,HOU,Royce White,Iowa State,3,9,0,0,0,0,,,0,-0.121,-16.9,0,3,0,0,0,Mid First,Minimal,No,0.00,-16.98
2012,17,DAL,Tyler Zeller,UNC,414,7254,2873,1820,367,0.508,0.286,0.764,17.1,0.113,-2,0,17.5,6.9,4.4,0.9,Mid First,Rotation,No,1.01,-0.22
2012,18,HOU,Terrence Jones,Kentucky,234,5562,2431,1334,238,0.501,0.297,0.621,14.7,0.127,0.5,3.6,23.8,10.4,5.7,1,Mid First,Rotation,No,0.82,-2.61
2012,19,ORL,Andrew Nicholson,St. Bonaventure,285,4080,1700,857,126,0.467,0.321,0.773,3.8,0.045,-3.6,-1.6,14.3,6,3,0.4,Mid First,Minimal,No,0.20,-13.78
2012,20,DEN,Evan Fournier,,622,17798,8923,1729,1610,0.447,0.381,0.801,29.4,0.079,-0.9,4.7,28.6,14.3,2.8,2.6,Mid First,Rotation,No,1.47,19.01
2012,21,BOS,Jared Sullinger,Ohio State,269,6532,2893,2006,477,0.436,0.272,0.723,15.3,0.113,-0.4,2.7,24.3,10.8,7.5,1.8,Late First,Rotation,No,0.73,-5.20
2012,22,BOS,Fab Melo,Syracuse,6,36,7,3,0,0.5,,0.25,0,0.021,-7.6,-0.1,6,1.2,0.5,0,Late First,Minimal,No,0.00,-18.48
2012,23,ATL,John Jenkins,Vanderbilt,171,2183,855,250,138,0.441,0.367,0.847,3,0.065,-1.9,0.1,12.8,5,1.5,0.8,Late First,Minimal,No,0.13,-13.64
2012,24,CLE,Jared Cunningham,Oregon State,84,605,197,56,39,0.347,0.306,0.674,0.2,0.017,-5.7,-0.6,7.2,2.3,0.7,0.5,Late First,Minimal,No,0.01,-24.30
2012,25,MEM,Tony Wroten,Washington,145,3076,1604,363,437,0.413,0.231,0.647,-1.3,-0.021,-3.4,-1.1,21.2,11.1,2.5,3,Late First,Minimal,No,-0.05,-14.20
2012,26,IND,Miles Plumlee,Duke,346,5658,1697,1562,178,0.542,,0.543,10.6,0.09,-1.9,0.2,16.4,4.9,4.5,0.5,Late First,Rotation,No,0.41,-9.80
2012,27,MIA,Arnett Moultrie,Mississippi State,59,729,210,180,12,0.547,,0.667,1.7,0.113,-2.8,-0.1,12.4,3.6,3.1,0.2,Late First,Minimal,No,0.06,-19.41
2012,28,OKC,Perry Jones,Baylor,143,1675,488,252,54,0.42,0.293,0.66,1.7,0.048,-3.5,-0.6,11.7,3.4,1.8,0.4,Late First,Minimal,No,0.06,-6.95
2012,29,CHI,Marquis Teague,Kentucky,91,909,217,90,134,0.343,0.222,0.661,-0.9,-0.045,-6.5,-1,10,2.4,1,1.5,Late First,Minimal,No,-0.03,-5.97
2012,30,GSW,Festus Ezeli,Vanderbilt,170,2394,712,725,63,0.513,,0.557,5.9,0.119,-2,0,14.1,4.2,4.3,0.4,Late First,Minimal,No,0.20,-14.82
2013,1,CLE,Anthony Bennett,UNLV,151,1905,658,472,77,0.392,0.261,0.67,0.5,0.013,-4.8,-1.3,12.6,4.4,3.1,0.5,Top 5,Minimal,Yes,0.50,-43.08
2013,2,ORL,Victor Oladipo,Indiana,454,14968,7955,2094,1796,0.438,0.347,0.791,24.6,0.079,0.9,10.8,33,17.5,4.6,4,Top 5,Rotation,No,12.30,-15.19
2013,3,WAS,Otto Porter Jr.,Georgetown,489,12718,5223,2440,746,0.478,0.401,0.791,35.1,0.133,1.8,12.2,26,10.7,5,1.5,Top 5,Starter,No,11.70,-15.67
2013,4,CHA,Cody Zeller,Indiana,494,10973,4202,2949,691,0.52,0.221,0.731,32.2,0.141,-0.5,4.1,22.2,8.5,6,1.4,Top 5,Starter,No,8.05,-16.36
2013,5,PHO,Alex Len,Maryland,564,10706,4342,3333,485,0.507,0.331,0.683,21.5,0.097,-1.9,0.3,19,7.7,5.9,0.9,Top 5,Rotation,No,4.30,-9.86
2013,6,NOP,Nerlens Noel,Kentucky,450,10086,3303,2789,491,0.549,0.154,0.655,28.2,0.134,0.9,7.5,22.4,7.3,6.2,1.1,Lottery,Rotation,No,4.70,0.54
2013,7,SAC,Ben McLemore,Kansas,534,12037,4743,1232,540,0.414,0.364,0.776,9,0.036,-3,-3.1,22.5,8.9,2.3,1,Lottery,Minimal,Yes,1.29,-24.98
2013,8,DET,Kentavious Caldwell-Pope,Georgia,661,19263,7530,2076,1098,0.418,0.358,0.809,33.3,0.083,-0.8,5.8,29.1,11.4,3.1,1.7,Lottery,Starter,No,4.16,12.14
2013,9,MIN,Trey Burke,Michigan,488,10306,4759,873,1511,0.412,0.345,0.812,13.2,0.062,-1.2,1.9,21.1,9.8,1.8,3.1,Lottery,Rotation,No,1.47,-24.19
2013,10,POR,CJ McCollum,Lehigh,569,17929,10852,1955,1919,0.454,0.397,0.819,38.9,0.104,1.2,14.7,31.5,19.1,3.4,3.4,Lottery,Starter,No,3.89,12.05
2013,11,PHI,Michael Carter-Williams,Syracuse,391,9898,4023,1713,1701,0.402,0.255,0.706,6.6,0.032,-1.2,1.9,25.3,10.3,4.4,4.4,Lottery,Minimal,Yes,0.60,-16.10
2013,12,OKC,Steven Adams,Pitt,644,17276,6022,5080,906,0.588,0.077,0.549,53.9,0.15,0.4,10.6,26.8,9.4,7.9,1.4,Lottery,Starter,No,4.49,32.58
2013,13,DAL,Kelly Olynyk,Gonzaga,591,13063,5984,3012,1195,0.475,0.364,0.779,34,0.125,0.8,9.3,22.1,10.1,5.1,2,Lottery,Starter,No,2.62,14.67
2013,14,UTA,Shabazz Muhammad,UCLA,278,4772,2504,770,151,0.473,0.319,0.751,8.5,0.085,-2,0,17.2,9,2.8,0.5,Lottery,Minimal,Yes,0.61,-6.25
2013,15,MIL,Giannis Antetokounmpo,,638,20754,13762,5922,2928,0.533,0.29,0.718,84.4,0.195,5.9,41.3,32.5,21.6,9.3,4.6,Mid First,Star,No,5.63,58.62
2013,16,BOS,Lucas Nogueira,,141,1754,446,388,72,0.632,0.265,0.64,6,0.165,2.3,1.9,12.4,3.2,2.8,0.5,Mid First,Minimal,No,0.38,-10.98
2013,17,ATL,Dennis Schröder,,609,16130,8679,1791,2842,0.436,0.337,0.832,23.4,0.07,-1.1,3.5,26.5,14.3,2.9,4.7,Mid First,Rotation,No,1.38,6.08
2013,18,ATL,Shane Larkin,Miami (FL),256,4880,1399,490,737,0.422,0.336,0.777,4.4,0.044,-2.4,-0.6,19.1,5.5,1.9,2.9,Mid First,Minimal,No,0.24,-12.91
2013,19,CLE,Sergey Karasev,,95,1110,287,140,87,0.395,0.282,0.842,0.8,0.036,-3.4,-0.4,11.7,3,1.5,0.9,Mid First,Minimal,No,0.04,-16.78
2013,20,CHI,Tony Snell,New Mexico,589,12870,3608,1346,663,0.431,0.394,0.845,18.4,0.069,-2,0,21.9,6.1,2.3,1.1,Mid First,Rotation,No,0.92,8.01
2013,21,UTA,Gorgui Dieng,Louisville,590,12228,4448,3418,779,0.5,0.365,0.791,30.5,0.12,0.4,7.2,20.7,7.5,5.8,1.3,Late First,Starter,No,1.45,10.00
2013,22,BRK,Mason Plumlee,Duke,639,14274,5349,4222,1542,0.582,0.049,0.561,42.8,0.144,1.3,11.9,22.3,8.4,6.6,2.4,Late First,Starter,No,1.95,24.32
2013,23,IND,Solomon Hill,Arizona,448,9652,2453,1399,662,0.388,0.331,0.797,11.9,0.059,-2.1,-0.3,21.5,5.5,3.1,1.5,Late First,Rotation,No,0.52,-4.74
2013,24,NYK,Tim Hardaway Jr.,Michigan,586,15837,8149,1650,1095,0.422,0.358,0.812,26,0.079,-0.8,4.9,27,13.9,2.8,1.9,Late First,Rotation,No,1.08,1.50
2013,25,LAC,Reggie Bullock,UNC,415,9115,3200,1021,492,0.431,0.388,0.846,17.3,0.091,-0.7,3,22,7.7,2.5,1.2,Late First,Rotation,No,0.69,4.40
2013,26,MIN,Andre Roberson,Colorado,307,6801,1382,1230,265,0.473,0.253,0.468,12.6,0.089,-0.6,2.3,22.2,4.5,4,0.9,Late First,Rotation,No,0.48,-7.80
2013,27,DEN,Rudy Gobert,,589,17595,7254,6802,786,0.651,0,0.635,82.9,0.226,4,26.8,29.9,12.3,11.5,1.3,Late First,Star,No,3.07,61.79
2013,28,SAS,Livio Jean-Charles,,,,,,,,,,,,,,,,,,Late First,Minimal,No,0.00,-8.65
2013,29,OKC,Archie Goodwin,Kentucky,165,2396,1040,331,206,0.429,0.236,0.7,1.1,0.022,-3,-0.6,14.5,6.3,2,1.2,Late First,Minimal,No,0.04,-3.97
2013,30,PHO,Nemanja Nedovi?,,24,142,26,15,13,0.205,0.167,0.875,-0.4,-0.132,-10,-0.3,5.9,1.1,0.6,0.5,Late First,Minimal,No,-0.01,-21.12
2014,1,CLE,Andrew Wiggins,Kansas,579,20319,11220,2553,1348,0.449,0.351,0.727,23.5,0.056,-1.5,2.6,35.1,19.4,4.4,2.3,Top 5,Rotation,No,23.50,-20.08
2014,2,MIL,Jabari Parker,Duke,310,8535,4380,1703,610,0.494,0.326,0.743,13.9,0.078,-0.8,2.5,27.5,14.1,5.5,2,Top 5,Rotation,No,6.95,-25.89
2014,3,PHI,Joel Embiid,Kansas,306,9458,7817,3450,1003,0.488,0.335,0.809,39.9,0.202,5.8,18.5,30.9,25.5,11.3,3.3,Top 5,Starter,No,13.30,-10.87
2014,4,ORL,Aaron Gordon,Arizona,506,14584,6530,3178,1264,0.457,0.322,0.699,27.5,0.09,0,7.2,28.8,12.9,6.3,2.5,Top 5,Rotation,No,6.88,-21.06
2014,5,UTA,Dante Exum,,245,4545,1389,441,515,0.407,0.305,0.764,3.1,0.032,-3.3,-1.5,18.6,5.7,1.8,2.1,Top 5,Minimal,Yes,0.62,-28.26
2014,6,BOS,Marcus Smart,Oklahoma State,499,14825,5161,1794,2168,0.38,0.319,0.778,28,0.091,-0.2,6.6,29.7,10.3,3.6,4.3,Lottery,Rotation,No,4.67,0.34
2014,7,LAL,Julius Randle,Kentucky,503,15635,8874,4680,1769,0.476,0.333,0.743,31.1,0.095,0.4,9.4,31.1,17.6,9.3,3.5,Lottery,Starter,No,4.44,-2.88
2014,8,SAC,Nik Stauskas,Michigan,337,6686,2283,691,514,0.389,0.354,0.814,3.9,0.028,-3,-1.7,19.8,6.8,2.1,1.5,Lottery,Minimal,Yes,0.49,-17.26
2014,9,CHA,Noah Vonleh,Indiana,339,5683,1660,1742,257,0.459,0.308,0.691,9.2,0.078,-2.4,-0.6,16.8,4.9,5.1,0.8,Lottery,Minimal,Yes,1.02,-28.19
2014,10,PHI,Elfrid Payton,Louisiana,488,13278,5013,1995,2851,0.448,0.289,0.624,16,0.058,-0.9,3.8,27.2,10.3,4.1,5.8,Lottery,Rotation,No,1.60,-10.85
2014,11,DEN,Doug McDermott,Creighton,519,10842,4781,1229,482,0.477,0.412,0.819,19.3,0.085,-1.8,0.5,20.9,9.2,2.4,0.9,Lottery,Rotation,No,1.75,-3.40
2014,12,ORL,Dario Šari?,,356,8965,4180,2086,699,0.441,0.357,0.838,16.4,0.088,-0.8,2.6,25.2,11.7,5.9,2,Lottery,Rotation,No,1.37,-4.92
2014,13,MIN,Zach LaVine,UCLA,458,14515,8987,1796,1767,0.461,0.387,0.83,22.1,0.073,0.4,8.7,31.7,19.6,3.9,3.9,Lottery,Rotation,No,1.70,2.77
2014,14,PHO,T.J. Warren,NC State,332,9553,5142,1372,397,0.507,0.357,0.78,19.6,0.099,-0.2,4.2,28.8,15.5,4.1,1.2,Lottery,Rotation,No,1.40,4.85
2014,15,ATL,Adreian Payne,Michigan State,107,1403,429,315,66,0.406,0.254,0.68,-0.6,-0.019,-5.9,-1.4,13.1,4,2.9,0.6,Mid First,Minimal,No,-0.04,-26.38
2014,16,CHI,Jusuf Nurki?,,411,9815,5015,3513,903,0.5,0.232,0.672,24,0.118,0.5,6.2,23.9,12.2,8.5,2.2,Mid First,Rotation,No,1.50,7.02
2014,17,BOS,James Young,Kentucky,95,812,219,96,28,0.367,0.277,0.563,0.8,0.046,-3.4,-0.3,8.5,2.3,1,0.3,Mid First,Minimal,No,0.05,-16.52
2014,18,PHO,Tyler Ennis,Syracuse,186,2336,779,250,359,0.419,0.317,0.768,1.3,0.026,-3.4,-0.8,12.6,4.2,1.3,1.9,Mid First,Minimal,No,0.07,-16.01
2014,19,CHI,Gary Harris,Michigan State,459,13270,5442,1151,957,0.449,0.362,0.809,20.3,0.073,-1.4,2,28.9,11.9,2.5,2.1,Mid First,Rotation,No,1.07,2.73
2014,20,TOR,Bruno Caboclo,,105,1293,442,268,72,0.403,0.308,0.836,1.5,0.054,-2.7,-0.2,12.3,4.2,2.6,0.7,Mid First,Minimal,No,0.08,-8.89
2014,21,OKC,Mitch McGary,Michigan,52,557,227,183,17,0.527,0,0.58,1.3,0.108,-2.6,-0.1,10.7,4.4,3.5,0.3,Late First,Minimal,No,0.06,-19.20
2014,22,MEM,Jordan Adams,UCLA,32,263,101,30,19,0.402,0.385,0.607,0.4,0.07,1.7,0.2,8.2,3.2,0.9,0.6,Late First,Minimal,No,0.02,-18.08
2014,23,UTA,Rodney Hood,Duke,437,10863,4622,1151,729,0.419,0.364,0.841,17.2,0.076,-1.2,2.1,24.9,10.6,2.6,1.7,Late First,Rotation,No,0.75,0.56
2014,24,CHA,Shabazz Napier,UConn,345,5986,2433,657,849,0.397,0.345,0.815,8.1,0.065,-0.7,2,17.4,7.1,1.9,2.5,Late First,Minimal,No,0.34,-16.40
2014,25,HOU,Clint Capela,,447,11974,5566,4749,443,0.622,0,0.528,49.8,0.2,2,12.1,26.8,12.5,10.6,1,Late First,Starter,No,1.99,36.90
2014,26,MIA,P.J. Hairston,UNC,111,2000,664,266,59,0.343,0.295,0.81,0.9,0.021,-3.9,-1,18,6,2.4,0.5,Late First,Minimal,No,0.03,-19.50
2014,27,PHO,Bogdan Bogdanovi?,,293,8342,4082,987,999,0.44,0.386,0.816,14.5,0.084,0.3,4.8,28.5,13.9,3.4,3.4,Late First,Rotation,No,0.54,-6.61
2014,28,LAC,C.J. Wilcox,Washington,66,376,132,31,30,0.37,0.333,0.813,0.1,0.007,-4.3,-0.2,5.7,2,0.5,0.5,Late First,Minimal,No,0.00,-8.55
2014,29,OKC,Josh Huestis,Stanford,76,1068,187,180,23,0.346,0.312,0.24,0.7,0.03,-3.5,-0.4,14.1,2.5,2.4,0.3,Late First,Minimal,No,0.02,-4.37
2014,30,SAS,Kyle Anderson,UCLA,483,10121,3202,2098,1109,0.476,0.335,0.714,25.7,0.122,1.7,9.5,21,6.6,4.3,2.3,Late First,Rotation,No,0.86,4.98
2015,1,MIN,Karl-Anthony Towns,Kentucky,460,15779,10621,5243,1424,0.527,0.396,0.833,63,0.192,4.8,27.2,34.3,23.1,11.4,3.1,Top 5,Starter,No,63.00,19.42
2015,2,LAL,D'Angelo Russell,Ohio State,404,11849,7175,1444,2225,0.42,0.359,0.775,13.2,0.053,0.6,7.8,29.3,17.8,3.6,5.5,Top 5,Rotation,No,6.60,-26.59
2015,3,PHI,Jahlil Okafor,Duke,247,4827,2566,1169,225,0.542,0.222,0.676,7.2,0.071,-2,0,19.5,10.4,4.7,0.9,Top 5,Minimal,Yes,2.40,-43.57
2015,4,NYK,Kristaps Porzi??is,,320,9907,5995,2499,487,0.442,0.353,0.816,25.1,0.122,1.5,8.8,31,18.7,7.8,1.5,Top 5,Rotation,No,6.28,-23.46
2015,5,ORL,Mario Hezonja,,330,6107,2284,1026,415,0.417,0.319,0.812,3.2,0.025,-2.8,-1.2,18.5,6.9,3.1,1.3,Top 5,Minimal,Yes,0.64,-28.16
2015,6,SAC,Willie Cauley-Stein,Kentucky,420,9270,3675,2468,597,0.544,0.188,0.612,23.3,0.121,-0.1,4.4,22.1,8.8,5.9,1.4,Lottery,Rotation,No,3.88,-4.36
2015,7,DEN,Emmanuel Mudiay,,302,7187,3299,884,1143,0.401,0.323,0.744,-0.2,-0.001,-3.2,-2.2,23.8,10.9,2.9,3.8,Lottery,Minimal,Yes,-0.03,-34.18
2015,8,DET,Stanley Johnson,Arizona,395,7844,2467,1230,565,0.38,0.299,0.755,5.4,0.033,-2.8,-1.7,19.9,6.2,3.1,1.4,Lottery,Minimal,Yes,0.68,-15.76
2015,9,CHA,Frank Kaminsky,Wisconsin,377,7925,3541,1527,619,0.429,0.348,0.743,15.3,0.093,-0.3,3.4,21,9.4,4.1,1.6,Lottery,Rotation,No,1.70,-22.09
2015,10,MIA,Justise Winslow,Duke,310,8022,2587,1590,779,0.414,0.316,0.638,8,0.048,-2,0,25.9,8.3,5.1,2.5,Lottery,Minimal,Yes,0.80,-18.85
2015,11,IND,Myles Turner,Texas,431,12379,5485,2879,513,0.489,0.349,0.768,33.1,0.128,0.7,8.3,28.7,12.7,6.7,1.2,Lottery,Starter,No,3.01,10.40
2015,12,UTA,Trey Lyles,Kentucky,427,7678,3253,1821,447,0.438,0.336,0.726,13.1,0.082,-1.1,1.8,18,7.6,4.3,1,Lottery,Rotation,No,1.09,-8.22
2015,13,PHO,Devin Booker,Kentucky,460,15468,10695,1788,2126,0.454,0.354,0.869,27.2,0.085,0.2,8.7,33.6,23.3,3.9,4.6,Lottery,Rotation,No,2.09,7.87
2015,14,OKC,Cameron Payne,Murray State,261,4531,1924,559,767,0.421,0.365,0.835,7.1,0.075,-0.6,1.6,17.4,7.4,2.1,2.9,Lottery,Minimal,Yes,0.51,-7.65
2015,15,ATL,Kelly Oubre Jr.,Kansas,457,11600,5508,1995,461,0.433,0.329,0.754,16.7,0.069,-1.8,0.4,25.4,12.1,4.4,1,Mid First,Rotation,No,1.11,-9.08
2015,16,BOS,Terry Rozier,Louisville,455,11701,5584,1770,1400,0.413,0.373,0.815,21.6,0.089,0.4,7.2,25.7,12.3,3.9,3.1,Mid First,Rotation,No,1.35,4.62
2015,17,MIL,Rashad Vaughn,UNLV,139,1671,423,158,75,0.337,0.313,0.692,-0.6,-0.017,-4.7,-1.2,12,3,1.1,0.5,Mid First,Minimal,No,-0.04,-17.92
2015,18,HOU,Sam Dekker,Wisconsin,201,3097,1094,607,160,0.478,0.288,0.606,5.4,0.083,-1.4,0.5,15.4,5.4,3,0.8,Mid First,Minimal,No,0.30,-11.91
2015,19,WAS,Jerian Grant,Notre Dame,279,4998,1692,530,805,0.411,0.323,0.77,8.3,0.08,-1.6,0.5,17.9,6.1,1.9,2.9,Mid First,Minimal,No,0.44,-9.28
2015,20,TOR,Delon Wright,Utah,387,8088,2840,1251,1189,0.452,0.353,0.795,21.3,0.126,2,8.2,20.9,7.3,3.2,3.1,Mid First,Rotation,No,1.07,10.91
2015,21,DAL,Justin Anderson,Virginia,232,3041,1203,585,160,0.412,0.293,0.776,4.7,0.074,-1.4,0.4,13.1,5.2,2.5,0.7,Late First,Minimal,No,0.22,-15.80
2015,22,CHI,Bobby Portis,Arkansas,432,9277,4751,2803,517,0.47,0.384,0.752,19.9,0.103,-0.6,3.2,21.5,11,6.5,1.2,Late First,Rotation,No,0.90,1.42
2015,23,POR,Rondae Hollis-Jefferson,Arizona,305,6759,2760,1684,579,0.449,0.212,0.735,12.9,0.091,-0.7,2.3,22.2,9,5.5,1.9,Late First,Rotation,No,0.56,-3.74
2015,24,CLE,Tyus Jones,Duke,435,7926,2604,754,1589,0.435,0.343,0.824,17.7,0.107,0.3,4.6,18.2,6,1.7,3.7,Late First,Rotation,No,0.74,-6.80
2015,25,MEM,Jarell Martin,LSU,184,2927,998,639,114,0.434,0.346,0.766,3.2,0.053,-4.3,-1.7,15.9,5.4,3.5,0.6,Late First,Minimal,No,0.13,-9.70
2015,26,SAS,Nikola Milutinov,,,,,,,,,,,,,,,,,,Late First,Minimal,No,0.00,-20.40
2015,27,LAL,Larry Nance Jr.,Wyoming,387,9345,3144,2538,739,0.528,0.33,0.684,24.3,0.125,1.1,7.3,24.1,8.1,6.6,1.9,Late First,Rotation,No,0.90,3.19
2015,28,BOS,R.J. Hunter,Georgia State University,45,395,133,46,19,0.371,0.295,0.818,0.4,0.051,-2,0,8.8,3,1,0.4,Late First,Minimal,No,0.01,-8.25
2015,29,BRK,Chris McCullough,Syracuse,59,532,194,112,15,0.426,0.306,0.548,0.6,0.054,-2.5,-0.1,9,3.3,1.9,0.3,Late First,Minimal,No,0.02,-4.47
2015,30,GSW,Kevon Looney,UCLA,344,5545,1603,1600,436,0.562,0.172,0.615,18.5,0.16,-0.5,2.1,16.1,4.7,4.7,1.3,Late First,Rotation,No,0.62,-2.22
2016,1,PHI,Ben Simmons,LSU,275,9326,4382,2217,2127,0.56,0.147,0.597,30.4,0.156,3.7,13.5,33.9,15.9,8.1,7.7,Top 5,Starter,No,30.40,-13.18
2016,2,LAL,Brandon Ingram,Duke,358,11756,6559,1832,1346,0.459,0.362,0.765,17.4,0.071,-0.5,4.6,32.8,18.3,5.1,3.8,Top 5,Rotation,No,8.70,-22.39
2016,3,BOS,Jaylen Brown,California,383,10918,6177,1891,741,0.47,0.373,0.712,22.5,0.099,0,5.5,28.5,16.1,4.9,1.9,Top 5,Rotation,No,7.50,-28.27
2016,4,PHO,Dragan Bender,,187,3755,1014,720,237,0.399,0.323,0.654,0.5,0.006,-3.9,-1.9,20.1,5.4,3.9,1.3,Top 5,Minimal,Yes,0.13,-48.06
2016,5,MIN,Kris Dunn,Providence,231,5561,1889,766,950,0.42,0.305,0.727,3.7,0.032,-1.9,0.1,24.1,8.2,3.3,4.1,Top 5,Minimal,Yes,0.74,-27.66
2016,6,NOP,Buddy Hield,Oklahoma,446,12906,7070,1895,1076,0.429,0.399,0.863,16.5,0.061,0.2,7.2,28.9,15.9,4.2,2.4,Lottery,Rotation,No,2.75,-11.16
2016,7,DEN,Jamal Murray,Kentucky,345,10384,5639,1258,1322,0.446,0.367,0.878,20.8,0.096,0.3,6,30.1,16.3,3.6,3.8,Lottery,Rotation,No,2.97,-13.18
2016,8,SAC,Marquese Chriss,Washington,281,5248,2167,1343,293,0.456,0.29,0.666,6.2,0.056,-2.3,-0.4,18.7,7.7,4.8,1,Lottery,Minimal,Yes,0.78,-14.96
2016,9,TOR,Jakob Poeltl,Utah,397,7853,2762,2339,550,0.627,0.667,0.514,27,0.165,1,6,19.8,7,5.9,1.4,Lottery,Rotation,No,3.00,-10.39
2016,10,MIL,Thon Maker,,263,3624,1216,726,161,0.435,0.327,0.68,6.6,0.087,-2.1,-0.1,13.8,4.6,2.8,0.6,Lottery,Minimal,Yes,0.66,-20.25
2016,11,ORL,Domantas Sabonis,Gonzaga,404,11431,5747,3676,1428,0.533,0.32,0.727,34.1,0.143,1.7,10.8,28.3,14.2,9.1,3.5,Lottery,Starter,No,3.10,11.40
2016,12,UTA,Taurean Prince,Baylor,348,8480,3667,1378,619,0.414,0.372,0.819,7.4,0.042,-1.9,0.3,24.4,10.5,4,1.8,Lottery,Minimal,Yes,0.62,-13.92
2016,13,PHO,Georgios Papagiannis,,39,477,160,123,29,0.514,0,0.857,0.4,0.044,-3.9,-0.2,12.2,4.1,3.2,0.7,Lottery,Minimal,Yes,0.03,-18.93
2016,14,CHI,Denzel Valentine,Michigan State,256,4817,1795,857,466,0.394,0.36,0.787,4.5,0.045,-1.8,0.2,18.8,7,3.3,1.8,Lottery,Minimal,Yes,0.32,-10.25
2016,15,DEN,Juancho Hernangómez,,282,4362,1487,948,177,0.424,0.345,0.693,7.1,0.079,-2,0,15.5,5.3,3.4,0.6,Mid First,Minimal,No,0.47,-18.68
2016,16,BOS,Guerschon Yabusele,,74,486,173,105,31,0.442,0.323,0.682,1.1,0.105,-1.9,0,6.6,2.3,1.4,0.4,Mid First,Minimal,No,0.07,-15.88
2016,17,MEM,Wade Baldwin,Vanderbilt,56,579,174,69,78,0.355,0.25,0.776,-0.3,-0.028,-5.3,-0.5,10.3,3.1,1.2,1.4,Mid First,Minimal,No,-0.02,-17.62
2016,18,DET,Henry Ellenson,Marquette,83,787,342,206,49,0.371,0.336,0.773,0.4,0.023,-3.7,-0.3,9.5,4.1,2.5,0.6,Mid First,Minimal,No,0.02,-16.91
2016,19,DEN,Malik Beasley,Florida State,316,6545,3239,774,388,0.429,0.38,0.808,9,0.066,-1.2,1.4,20.7,10.3,2.4,1.2,Mid First,Minimal,No,0.47,-8.58
2016,20,IND,Caris LeVert,Michigan,303,8318,4444,1158,1197,0.436,0.333,0.737,11.6,0.067,-0.4,3.4,27.5,14.7,3.8,4,Mid First,Rotation,No,0.58,1.21
2016,21,ATL,DeAndre' Bembry,Saint Joseph's,288,5593,1744,939,527,0.475,0.283,0.611,4.4,0.038,-2.3,-0.4,19.4,6.1,3.3,1.8,Late First,Minimal,No,0.21,-16.10
2016,22,CHA,Malachi Richardson,Syracuse,70,625,198,70,24,0.358,0.301,0.783,-0.1,-0.009,-6.1,-0.7,8.9,2.8,1,0.3,Late First,Minimal,No,0.00,-18.58
2016,23,BOS,Ante Žiži?,,113,1517,674,446,64,0.581,,0.711,3.5,0.11,-2.6,-0.2,13.4,6,3.9,0.6,Late First,Minimal,No,0.15,-13.14
2016,24,PHI,Timothé Luwawu-Cabarrot,,312,5021,1859,623,279,0.39,0.334,0.828,4.3,0.041,-4.1,-2.6,16.1,6,2,0.9,Late First,Minimal,No,0.18,-20.20
2016,25,LAC,Brice Johnson,UNC,21,107,47,34,3,0.449,0,0.6,0.1,0.062,-0.6,0,5.1,2.2,1.6,0.1,Late First,Minimal,No,0.00,-12.80
2016,26,PHI,Furkan Korkmaz,,240,4603,1961,553,333,0.407,0.359,0.773,7.3,0.076,-1.6,0.5,19.2,8.2,2.3,1.4,Late First,Minimal,No,0.28,-13.10
2016,27,TOR,Pascal Siakam,New Mexico State,376,10866,5703,2323,1110,0.489,0.328,0.774,30.2,0.134,1.5,9.7,28.9,15.2,6.2,3,Late First,Starter,No,1.12,9.09
2016,28,PHO,Skal Labissière,Kentucky,148,2595,1069,662,152,0.492,0.353,0.748,4.4,0.081,-2.3,-0.2,17.5,7.2,4.5,1,Late First,Minimal,No,0.16,-4.25
2016,29,SAS,Dejounte Murray,Washington,304,7681,3591,1789,1399,0.454,0.328,0.758,14.8,0.092,1.5,6.7,25.3,11.8,5.9,4.6,Late First,Rotation,No,0.51,9.73
2016,30,GSW,Damian Jones,Vanderbilt,180,2582,896,585,136,0.661,0.286,0.7,7.6,0.141,-1.3,0.4,14.3,5,3.3,0.8,Late First,Minimal,No,0.25,-13.12
